,point,bounds_respected,source,FP_GLD,FP_SLACK,GLD_PARAMS,FAILURE_SLACK,constraint_values,constraints_respected,experiment
0,[0.5 0.5 0.5 0.5],True,local,3.6839884372482795e-05,5e-05,[0.0873164  0.02906029 0.46357002 0.13231133],0.0,[-0.29289322 -0.29289322],True,model1_4_dof_slack_0.0
1,[1.  0.5 0.5 0.5],True,local,0.0028089177248106926,0.00339,[0.08721378 0.04352012 0.47534061 0.15856529],0.0,[ 0.11803399 -0.29289322],False,model1_4_dof_slack_0.0
2,[0.5 1.  0.5 0.5],True,local,0.003328424295073116,0.00339,[0.08266405 0.03363389 0.40645649 0.11884723],0.0,[ 0.11803399 -0.29289322],False,model1_4_dof_slack_0.0
3,[0.5 0.5 1.  0.5],True,local,0.0028283972692483804,0.00373,[0.08711285 0.0430943  0.4765295  0.15388732],0.0,[-0.29289322  0.11803399],False,model1_4_dof_slack_0.0
4,[0.5 0.5 0.5 1. ],True,local,0.003381245090148825,0.00331,[0.08265966 0.03374391 0.40518999 0.1202353 ],0.0,[-0.29289322  0.11803399],False,model1_4_dof_slack_0.0
5,[1.00000003e-09 5.00000001e-01 5.00000001e-01 5.00000001e-01],False,local,5.363445511637444e-07,1e-05,[0.08846197 0.02269326 0.42460606 0.12395265],0.0,[-0.5        -0.29289322],True,model1_4_dof_slack_0.0
6,[5.00000001e-01 1.00000003e-09 5.00000001e-01 5.00000001e-01],False,local,5.363445511637444e-07,0.0,[0.09038752 0.02706504 0.48437359 0.13305197],0.0,[-0.5        -0.29289322],True,model1_4_dof_slack_0.0
7,[5.00000001e-01 5.00000001e-01 1.00000003e-09 5.00000001e-01],False,local,5.363445511637444e-07,1e-05,[0.08851505 0.0230394  0.42400135 0.13089184],0.0,[-0.29289322 -0.5       ],True,model1_4_dof_slack_0.0
8,[5.00000001e-01 5.00000001e-01 5.00000001e-01 1.00000003e-09],False,local,5.363445511637444e-07,2e-05,[0.09049715 0.02720893 0.48390215 0.13714269],0.0,[-0.29289322 -0.5       ],True,model1_4_dof_slack_0.0
9,[0.51197827 0.96193291 0.30901699 1.        ],True,local,0.010679908019852581,0.01038,[0.08182037 0.03545783 0.33577399 0.12285488],0.0,[0.08969568 0.0466573 ],False,model1_4_dof_slack_0.0
10,[0.67556419 0.77112356 0.60547871 0.85133918],True,local,0.008091689238142932,0.00833,[0.0810571  0.03996616 0.43370534 0.12899203],0.0,[0.02519194 0.04469271],False,model1_4_dof_slack_0.0
11,[0.91373347 0.52770025 0.88281639 0.61237412],True,local,0.009247303819161057,0.01013,[0.08613872 0.04982399 0.4650097  0.16840225],0.0,[0.05516653 0.07441465],False,model1_4_dof_slack_0.0
12,[0.53158809 0.87206747 0.72023064 0.71564392],True,local,0.007046894234117968,0.00754,[0.08131541 0.03921296 0.43525348 0.12701607],0.0,[0.02131659 0.01532182],False,model1_4_dof_slack_0.0
13,[0.46214247 0.89344338 0.88330752 0.54064018],True,local,0.007098785385446293,0.00768,[0.08192522 0.04138472 0.45354545 0.1325787 ],0.0,[0.00589102 0.03562733],False,model1_4_dof_slack_0.0
14,[0.63810209 0.91648775 0.75571403 0.68327826],True,local,0.01032782576806606,0.01065,[0.08072446 0.04233846 0.4434571  0.13185798],0.0,[0.1167471  0.01880953],False,model1_4_dof_slack_0.0
15,[0.41534367 0.91370042 0.71673661 0.69649385],True,local,0.006167811734368399,0.00641,[0.0814694  0.03738475 0.4237702  0.12251022],0.0,[ 0.00367266 -0.00059266],False,model1_4_dof_slack_0.0
16,[0.34688608 0.93980876 0.82939015 0.58164137],True,local,0.00642430223451906,0.00686,[0.08152921 0.03886224 0.43872129 0.12506982],0.0,[0.00178363 0.01301269],False,model1_4_dof_slack_0.0
17,[0.35487098 0.86593703 0.74887761 0.72549674],True,local,0.0055924753024850565,0.00579,[0.08167649 0.03715207 0.42599844 0.12300414],0.0,[-0.06416863  0.04267118],False,model1_4_dof_slack_0.0
18,[0.38663309 0.92379922 0.6588871  0.75598881],True,local,0.006269264641734245,0.00635,[0.0815091  0.03616454 0.40644761 0.11974477],0.0,[0.00144402 0.00282167],False,model1_4_dof_slack_0.0
19,[0.36836017 0.8982404  0.63257154 0.72734726],True,local,0.004597853334870201,0.00459,[0.08212479 0.03477879 0.40539386 0.11900295],0.0,[-0.02916272 -0.03605976],True,model1_4_dof_slack_0.0
20,[0.34300455 0.94162294 0.64450696 0.76447863],True,local,0.006256606709378105,0.0063,[0.08161983 0.03548986 0.39685182 0.11807741],0.0,[ 2.15062753e-03 -9.16071960e-05],False,model1_4_dof_slack_0.0
21,[0.31717806 0.94876061 0.59466486 0.80687923],True,local,0.0063484890951824345,0.00625,[0.081896   0.03454807 0.37874697 0.1168753 ],0.0,[0.00037424 0.00233747],False,model1_4_dof_slack_0.0
22,[0.22329311 0.97995954 0.58163485 0.81339547],True,local,0.0064945295688452025,0.00621,[0.08223219 0.03370999 0.36074733 0.11540592],0.0,[ 5.07736393e-03 -4.43567239e-05],False,model1_4_dof_slack_0.0
23,[0.3372905  0.99425327 0.59008982 0.80464835],True,local,0.007649886043366115,0.00743,[0.08155332 0.03519281 0.37553078 0.11684035],0.0,[ 0.04990687 -0.00216987],False,model1_4_dof_slack_0.0
24,[0.27293131 0.96316065 0.57866445 0.81575902],True,local,0.006360999094510152,0.00604,[0.08213235 0.0339602  0.36716123 0.11608811],0.0,[0.00108438 0.00015765],False,model1_4_dof_slack_0.0
25,[0.2226355  0.97627672 0.53947858 0.84337727],True,local,0.006469521642764704,0.00599,[0.08261371 0.03315613 0.3460073  0.1163846 ],0.0,[0.0013405  0.00116051],False,model1_4_dof_slack_0.0
26,[0.16124841 0.98890364 0.51131881 0.86008693],True,local,0.006525164901139406,0.00599,[0.08312584 0.03253901 0.32676581 0.11763653],0.0,[0.0019638  0.00059805],False,model1_4_dof_slack_0.0
27,[0.09719735 0.99737827 0.48633803 0.87428563],True,local,0.00655878243768295,0.00595,[0.08363078 0.0320804  0.30940953 0.11962779],0.0,[0.00210316 0.00044992],False,model1_4_dof_slack_0.0
28,[0.04802388 1.         0.49732394 0.86775132],True,local,0.006541161836890929,0.00592,[0.08356776 0.0320403  0.31135238 0.11833594],0.0,[0.00115248 0.00016172],False,model1_4_dof_slack_0.0
29,[0.02342321 1.         0.52205474 0.90357303],True,local,0.007763454224565191,0.00716,[0.08306765 0.03283877 0.31633016 0.1172777 ],0.0,[0.00027429 0.04354462],False,model1_4_dof_slack_0.0
30,[0.02459458 1.         0.50551369 0.86288485],True,local,0.0065213907717423,0.00581,[0.08347599 0.0320608  0.31441052 0.11733172],0.0,[3.02400904e-04 5.71780779e-05],False,model1_4_dof_slack_0.0
31,[0.04337282 1.         0.5430868  0.8357622 ],True,local,0.006420705234984991,0.00592,[0.08301139 0.03243792 0.33128835 0.11494855],0.0,[ 0.00094016 -0.00328453],False,model1_4_dof_slack_0.0
32,[0.02127779 1.         0.49094076 0.81517082],True,local,0.0053159910478870484,0.00484,[0.08388136 0.03124393 0.31362952 0.1171892 ],0.0,[ 0.00022635 -0.04840854],False,model1_4_dof_slack_0.0
33,[0.06988154 0.99543242 0.52286307 0.85160533],True,local,0.0064125268654973595,0.00586,[0.08323091 0.03227607 0.32393526 0.11648601],0.0,[-0.00211768 -0.00069152],True,model1_4_dof_slack_0.0
34,[0.00627284 1.         0.46191552 0.87911794],True,local,0.0063328576207547175,0.00571,[0.08413344 0.03157654 0.29518114 0.12125693],0.0,[ 1.96740766e-05 -6.91677102e-03],False,model1_4_dof_slack_0.0
35,[0.01210493 1.         0.47526483 0.88054554],True,local,0.006537132439755954,0.00587,[0.08390238 0.03179183 0.30055381 0.12005938],0.0,[7.32619313e-05 6.18368007e-04],False,model1_4_dof_slack_0.0
36,[1.00000000e-09 1.00000000e+00 4.90003074e-01 8.71909566e-01],False,local,0.006527625017230791,0.00586,[0.08368895 0.0318892  0.30732247 0.11832563],0.0,[0.         0.00016464],False,model1_4_dof_slack_0.0
37,[1.00000000e-09 9.99999014e-01 4.86440343e-01 8.73721830e-01],False,local,0.006523578075999703,0.00587,[0.08374015 0.03185706 0.30572707 0.11866804],0.0,[-9.86403841e-07  7.02131867e-06],True,model1_4_dof_slack_0.0
38,[1.00000000e-09 9.92927946e-01 4.86442145e-01 8.73721854e-01],False,local,0.006335992071997509,0.00564,[0.08377212 0.03175988 0.30650479 0.11852934],0.0,[-7.07205398e-03  7.91979526e-06],True,model1_4_dof_slack_0.0
39,[1.00000000e-09 9.99999615e-01 4.88036277e-01 8.80610443e-01],False,local,0.0067081960795308425,0.00611,[0.08368915 0.0319681  0.30564631 0.11871763],0.0,[-3.84943599e-07  6.80393305e-03],False,model1_4_dof_slack_0.0
40,[0.00240886 0.99999913 0.48694983 0.86709327],True,local,0.006375402976832783,0.00568,[0.08375673 0.0317846  0.30660744 0.11849382],0.0,[ 2.02656794e-06 -5.52985046e-03],True,model1_4_dof_slack_0.0
41,[0.00318271 0.99999915 0.49127957 0.87777796],True,local,0.00668239383133624,0.00607,[0.08364799 0.03198593 0.30720966 0.11843299],0.0,[4.21243980e-06 5.90743723e-03],False,model1_4_dof_slack_0.0
42,[1.00000000e-09 9.99997218e-01 4.80247945e-01 8.77135655e-01],False,local,0.006523261606877773,0.00586,[0.08382944 0.03180666 0.30290189 0.11929814],0.0,[-2.78170792e-06  2.52280800e-06],True,model1_4_dof_slack_0.0
43,[1.00000000e-09 9.99998377e-01 4.85962305e-01 8.72843490e-01],False,local,0.0064967309426610595,0.0058,[0.08375112 0.03183874 0.30562815 0.11868512],0.0,[-1.62276347e-06 -9.92932472e-04],True,model1_4_dof_slack_0.0
44,[6.78828258e-04 9.99999069e-01 4.85813636e-01 8.74104494e-01],True,local,0.006524176070475463,0.00586,[0.08374923 0.03185302 0.30543644 0.11874341],0.0,[-7.00683603e-07  3.67769711e-05],False,model1_4_dof_slack_0.0
45,[1.00000000e-09 9.98999014e-01 4.86440826e-01 8.73722200e-01],False,local,0.006496832379581556,0.00582,[0.08374466 0.03184329 0.30583714 0.11864812],0.0,[-1.00098622e-03  7.58027941e-06],True,model1_4_dof_slack_0.0
46,[3.40665072e-04 9.99999029e-01 4.86512396e-01 8.72784409e-01],True,local,0.006502419784391261,0.00581,[0.0837425  0.03184677 0.30585135 0.1186433 ],0.0,[-9.12584804e-07 -7.76833287e-04],True,model1_4_dof_slack_0.0
47,[4.50104008e-04 9.99999033e-01 4.87124713e-01 8.74295454e-01],True,local,0.006545860291642312,0.00591,[0.0837271  0.0318752  0.30593754 0.11863385],0.0,[-8.66152090e-07  8.41159478e-04],False,model1_4_dof_slack_0.0
48,[1.         0.30901699 0.96193291 0.51197827],True,local,0.008115324331781628,0.0099,[0.09156913 0.05405127 0.45190209 0.19892773],0.0,[0.0466573  0.08969568],False,model1_4_dof_slack_0.0
49,[0.75       0.6545085  0.73096645 0.50598914],True,local,0.0033131659545344145,0.00377,[0.08501064 0.04146171 0.47153136 0.14503661],0.0,[-0.00456975 -0.11099102],True,model1_4_dof_slack_0.0
50,[1.         0.19460145 1.         0.32037175],True,local,0.004633681665981426,0.00675,[0.09741226 0.05504755 0.43587235 0.22169555],0.0,[0.01875891 0.05006574],False,model1_4_dof_slack_0.0
51,[1.         0.10369016 1.         0.16249703],True,local,0.0024879571202933853,0.0045,[0.10191159 0.05485886 0.42164863 0.23521907],0.0,[0.00536145 0.01311662],False,model1_4_dof_slack_0.0
52,[1.         0.05237764 1.         0.07833503],True,local,0.001880552517207085,0.00387,[0.10369278 0.05461296 0.41542009 0.23915819],0.0,[0.00137077 0.0030635 ],False,model1_4_dof_slack_0.0
53,[1.         0.02767707 1.         0.03949722],True,local,0.0017432963764402098,0.00366,[0.10417843 0.05451682 0.41360627 0.239923  ],0.0,[0.00038294 0.00077971],False,model1_4_dof_slack_0.0
54,[0.99120589 0.11602049 1.         0.08232621],True,local,0.0020273215226255074,0.00399,[0.10278933 0.05442762 0.41959505 0.23616772],0.0,[-0.00202712  0.00338308],False,model1_4_dof_slack_0.0
55,[0.97063188 0.05541954 0.97063188 0.03717731],True,local,0.001327737915529079,0.00286,[0.10310215 0.0524128  0.42353883 0.22846834],0.0,[-0.02778728 -0.0286564 ],True,model1_4_dof_slack_0.0
56,[1.00000000e+00 1.00000000e-09 1.00000000e+00 8.11383079e-02],False,local,0.0018341256172644594,0.00381,[0.10385503 0.05458009 0.41482046 0.23940002],0.0,[0.         0.00328631],False,model1_4_dof_slack_0.0
57,[1.         0.05620798 0.96979724 0.06731413],True,local,0.0015973853309153273,0.00338,[0.10331137 0.05351997 0.41982522 0.23376997],0.0,[ 0.00157842 -0.02786941],False,model1_4_dof_slack_0.0
58,[1.         0.07005346 1.         0.01295968],True,local,0.0017953875861279295,0.00378,[0.10397128 0.05456965 0.41440813 0.2397566 ],0.0,[2.45074070e-03 8.39730992e-05],False,model1_4_dof_slack_0.0
59,[0.96979724 0.05620798 1.         0.06731413],True,local,0.001602136576366232,0.00337,[0.10329245 0.05348069 0.42000816 0.23333345],0.0,[-0.02857526  0.00226304],False,model1_4_dof_slack_0.0
60,[1.         0.01384226 1.         0.01983549],True,local,0.0017074173467873104,0.00363,[0.10431434 0.05448794 0.41308368 0.2401109 ],0.0,[9.57994716e-05 1.96704082e-04],False,model1_4_dof_slack_0.0
61,[1.         0.00691938 1.         0.00992715],True,local,0.001698368908947173,0.00362,[0.10434906 0.05448051 0.41294924 0.24015842],0.0,[2.39386399e-05 4.92729280e-05],False,model1_4_dof_slack_0.0
62,[1.         0.0034606  1.         0.00496496],True,local,0.0016961893881637135,0.00362,[0.10435777 0.05447867 0.41291563 0.24017088],0.0,[5.98785436e-06 1.23253540e-05],False,model1_4_dof_slack_0.0
63,[1.00000000e+00 4.45077792e-04 9.99952441e-01 1.20116679e-02],True,local,0.0016979241433174668,0.00362,[0.10434832 0.05447876 0.41295711 0.24014969],0.0,[9.90471157e-08 2.45815581e-05],False,model1_4_dof_slack_0.0
64,[1.         0.00774408 0.99754731 0.01002818],True,local,0.0016781618860724039,0.00358,[0.10430825 0.05439201 0.41335096 0.23969394],0.0,[ 2.99849140e-05 -2.40228318e-03],False,model1_4_dof_slack_0.0
65,[0.99719022 0.00843174 0.99719022 0.00804686],True,local,0.0016517333841746334,0.00353,[0.10425734 0.05427336 0.41387274 0.23905929],0.0,[-0.00277413 -0.00277731],True,model1_4_dof_slack_0.0
66,[1.00000000e+00 9.25989863e-03 1.00000000e+00 9.19209620e-04],True,local,0.0016971565912008806,0.00362,[0.10435384 0.05447971 0.41293102 0.2401678 ],0.0,[4.28719423e-05 4.22473073e-07],False,model1_4_dof_slack_0.0
67,[0.99859511 0.00594617 0.99859511 0.00650591],True,local,0.0016736792600338063,0.00358,[0.10430811 0.0543758  0.41339234 0.23961537],0.0,[-0.00138719 -0.0013837 ],True,model1_4_dof_slack_0.0
68,[1.         0.01048125 1.         0.00580782],True,local,0.0016982339308682795,0.00362,[0.10434935 0.05448063 0.41294833 0.24016106],0.0,[5.49268319e-05 1.68652345e-05],False,model1_4_dof_slack_0.0
69,[1.         0.00173036 1.         0.00248265],True,local,0.0016956018524399,0.00362,[0.10435994 0.05447823 0.41290735 0.24017431],0.0,[1.49706555e-06 3.08176825e-06],True,model1_4_dof_slack_0.0
70,[1.00000000e+00 8.65185343e-04 1.00000000e+00 1.24134551e-03],True,local,0.0016954484951568133,0.00362,[0.10436048 0.05447813 0.41290534 0.24017532],0.0,[3.74272769e-07 7.70469042e-07],True,model1_4_dof_slack_0.0
71,[1.00000000e+00 4.32593561e-04 1.00000000e+00 6.20675385e-04],True,local,0.0016954080813419768,0.00362,[0.1043606  0.0544781  0.41290487 0.24017565],0.0,[9.35685900e-08 1.92618948e-07],True,model1_4_dof_slack_0.0
72,[1.00000000e+00 2.14338769e-04 9.99999307e-01 1.42722830e-03],True,local,0.0016954306102812445,0.00362,[0.10436049 0.0544781  0.41290545 0.24017531],0.0,[2.29705538e-08 3.25414784e-07],True,model1_4_dof_slack_0.0
73,[1.         0.00103365 0.99979837 0.00139403],True,local,0.0016937637056654161,0.00361,[0.10435716 0.05447083 0.41293828 0.24013707],0.0,[ 5.34211310e-07 -2.00655156e-04],True,model1_4_dof_slack_0.0
74,[0.99975811 0.00112124 0.99975811 0.00126   ],True,local,0.0016914267177851599,0.00361,[0.10435242 0.05446029 0.41298554 0.24008028],0.0,[-0.00024127 -0.0002411 ],True,model1_4_dof_slack_0.0
75,[1.00000000e+00 1.25298760e-03 1.00000000e+00 4.88767986e-05],True,local,0.0016954323641248873,0.00362,[0.10436053 0.05447812 0.41290512 0.2401755 ],0.0,[7.84988652e-07 1.19447073e-09],True,model1_4_dof_slack_0.0
76,[1.00000000e+00 1.43202217e-03 1.00000000e+00 6.54475469e-04],True,local,0.0016954517536260521,0.00362,[0.10436048 0.05447813 0.41290537 0.2401753 ],0.0,[1.02534323e-06 2.14169047e-07],True,model1_4_dof_slack_0.0
77,[9.99879053e-01 7.76918615e-04 9.99879053e-01 9.40337185e-04],True,local,0.0016934086109297304,0.00361,[0.10435654 0.05446919 0.41294514 0.24012799],0.0,[-0.00012065 -0.00012051],True,model1_4_dof_slack_0.0
78,[0.5 0.5 0.5 0.5],True,local,0.05250794850669118,0.05192,[0.0873164  0.02906029 0.46357002 0.13231133],0.05,[-0.29289322 -0.29289322],True,model1_4_dof_slack_0.05
79,[1.  0.5 0.5 0.5],True,local,0.12826125550473752,0.12765,[0.08721378 0.04352012 0.47534061 0.15856529],0.05,[ 0.11803399 -0.29289322],False,model1_4_dof_slack_0.05
80,[0.5 1.  0.5 0.5],True,local,0.14230119694036578,0.14207,[0.08266405 0.03363389 0.40645649 0.11884723],0.05,[ 0.11803399 -0.29289322],False,model1_4_dof_slack_0.05
81,[0.5 0.5 1.  0.5],True,local,0.12707116654176157,0.12515,[0.08711285 0.0430943  0.4765295  0.15388732],0.05,[-0.29289322  0.11803399],False,model1_4_dof_slack_0.05
82,[0.5 0.5 0.5 1. ],True,local,0.14345960898540458,0.14311,[0.08265966 0.03374391 0.40518999 0.1202353 ],0.05,[-0.29289322  0.11803399],False,model1_4_dof_slack_0.05
83,[1.00000003e-09 5.00000001e-01 5.00000001e-01 5.00000001e-01],False,local,0.024861842868935693,0.02475,[0.08846197 0.02269326 0.42460606 0.12395265],0.05,[-0.5        -0.29289322],True,model1_4_dof_slack_0.05
84,[5.00000001e-01 1.00000003e-09 5.00000001e-01 5.00000001e-01],False,local,0.02489841860175413,0.02504,[0.09038752 0.02706504 0.48437359 0.13305197],0.05,[-0.5        -0.29289322],True,model1_4_dof_slack_0.05
85,[5.00000001e-01 5.00000001e-01 1.00000003e-09 5.00000001e-01],False,local,0.025197401455038963,0.02506,[0.08851505 0.0230394  0.42400135 0.13089184],0.05,[-0.29289322 -0.5       ],True,model1_4_dof_slack_0.05
86,[5.00000001e-01 5.00000001e-01 5.00000001e-01 1.00000003e-09],False,local,0.024504798155088117,0.02457,[0.09049715 0.02720893 0.48390215 0.13714269],0.05,[-0.29289322 -0.5       ],True,model1_4_dof_slack_0.05
87,[0.51197827 0.96193291 0.30901699 1.        ],True,local,0.1995709131067545,0.20073,[0.08182037 0.03545783 0.33577399 0.12285488],0.05,[0.08969568 0.0466573 ],False,model1_4_dof_slack_0.05
88,[0.8860532  0.63696717 0.24219471 1.        ],True,local,0.19446902919535097,0.19424,[0.08059677 0.04097129 0.43064058 0.13176113],0.05,[0.09124582 0.02891121],False,model1_4_dof_slack_0.05
89,[0.97034524 0.40869178 0.18487804 1.        ],True,local,0.18140884720965172,0.18056,[0.08155651 0.04195787 0.44774984 0.13709964],0.05,[0.05290021 0.01694636],False,model1_4_dof_slack_0.05
90,[1.         0.23627676 0.42413202 0.92426941],True,local,0.17061559834460718,0.16915,[0.08308707 0.04398092 0.4629879  0.14484873],0.05,[0.02753429 0.01693751],False,model1_4_dof_slack_0.05
91,[0.94205819 0.39087622 0.41782695 0.91251011],True,local,0.16902915767273843,0.16793,[0.08257086 0.04239626 0.45865186 0.13980203],0.05,[0.01993032 0.00362048],False,model1_4_dof_slack_0.05
92,[0.80678796 0.66836015 0.52608317 0.86025735],True,local,0.17870727292378144,0.1783,[0.08150183 0.04112582 0.44570216 0.13370631],0.05,[0.04766984 0.0083681 ],False,model1_4_dof_slack_0.05
93,[0.86473116 0.36169933 0.32675589 0.80155255],True,local,0.12579179373168076,0.12475,[0.08432558 0.03783746 0.46280616 0.13768478],0.05,[-0.06267061 -0.13440431],True,model1_4_dof_slack_0.05
94,[0.87861612 0.49527656 0.31402716 0.95419415],True,local,0.17086260747058538,0.17055,[0.08178038 0.0400905  0.44420439 0.13335225],0.05,[0.00859564 0.00453947],False,model1_4_dof_slack_0.05
95,[0.75888102 0.69352356 0.34631178 0.94034151],True,local,0.1766888545434357,0.1766,[0.08127948 0.03818443 0.42121735 0.12758186],0.05,[0.02804443 0.00208483],False,model1_4_dof_slack_0.05
96,[0.94109658 0.55017978 0.2813735  0.8784729 ],True,local,0.17048470319653958,0.16974,[0.08211967 0.04136041 0.45199772 0.13830329],0.05,[ 0.09011951 -0.07756535],False,model1_4_dof_slack_0.05
97,[0.81452559 0.5932451  0.31368135 0.95064613],True,local,0.17146450341042788,0.17127,[0.08154597 0.03875301 0.43248569 0.12991269],0.05,[0.00766646 0.00106146],False,model1_4_dof_slack_0.05
98,[0.71168411 0.72010463 0.33915313 0.93979434],True,local,0.17324849946243473,0.17319,[0.08145492 0.0370675  0.41151237 0.12561454],0.05,[ 0.01244503 -0.00088127],False,model1_4_dof_slack_0.05
99,[0.76324759 0.55243334 0.34332891 0.9916956 ],True,local,0.16906635250514826,0.16838,[0.08158056 0.03779548 0.42583739 0.12706863],0.05,[-0.05780603  0.04944505],False,model1_4_dof_slack_0.05
100,[0.75971496 0.65530764 0.31193865 0.95038066],True,local,0.17123264110179048,0.17068,[0.08150647 0.03763703 0.42093385 0.12731519],0.05,[0.00329204 0.00026452],False,model1_4_dof_slack_0.05
101,[0.68283272 0.7398044  0.33620004 0.94149562],True,local,0.1723583012040798,0.17251,[0.08154629 0.03648579 0.40454903 0.1244958 ],0.05,[ 0.00676267 -0.0002778 ],False,model1_4_dof_slack_0.05
102,[0.73686296 0.63408316 0.28033459 0.92739172],True,local,0.15826455722124094,0.15775,[0.08204914 0.03630451 0.4195251  0.12673708],0.05,[-0.02787425 -0.03116416],True,model1_4_dof_slack_0.05
103,[0.73152091 0.68312043 0.28294243 0.95990763],True,local,0.17126901326443678,0.1712,[0.08153973 0.03689702 0.41152131 0.12580359],0.05,[0.00088779 0.00073927],False,model1_4_dof_slack_0.05
104,[0.68413396 0.73239902 0.30008461 0.9542293 ],True,local,0.17165519424414874,0.17172,[0.08161363 0.03619102 0.40094974 0.12418631],0.05,[0.00222134 0.00030212],False,model1_4_dof_slack_0.05
105,[0.72091398 0.69670374 0.2391637  0.942984  ],True,local,0.16593917409828088,0.16572,[0.08179508 0.03615055 0.40761747 0.1254492 ],0.05,[ 0.00255327 -0.02715978],False,model1_4_dof_slack_0.05
106,[0.70748102 0.70762169 0.24787444 0.96949973],True,local,0.17147518258191985,0.17164,[0.08161503 0.03624471 0.40181478 0.12458064],0.05,[0.00062872 0.0006855 ],False,model1_4_dof_slack_0.05
107,[0.67503988 0.73919937 0.20500187 0.9797616 ],True,local,0.17177045151589526,0.17207,[0.08177837 0.03546045 0.38836159 0.12325604],0.05,[0.00104672 0.0009788 ],False,model1_4_dof_slack_0.05
108,[0.74677559 0.73026576 0.24204379 0.98972809],True,local,0.18448615056376494,0.1849,[0.08104807 0.03763581 0.40472494 0.12566954],0.05,[0.04449119 0.01889494],False,model1_4_dof_slack_0.05
109,[0.68167539 0.7325248  0.2139569  0.97746873],True,local,0.17159200711791134,0.17192,[0.08174288 0.03560907 0.39126006 0.12350093],0.05,[0.00063676 0.00061115],False,model1_4_dof_slack_0.05
110,[0.67443674 0.7384266  0.1874637  0.98265957],True,local,0.17145104765998107,0.17133,[0.08181593 0.03534865 0.38680558 0.12315956],0.05,[6.93783199e-05 3.81164065e-04],False,model1_4_dof_slack_0.05
111,[0.6834718  0.73013327 0.1478753  0.98983692],True,local,0.1715812011985551,0.17142,[0.0818172  0.03534724 0.38648607 0.12323282],0.05,[0.00011414 0.00082178],False,model1_4_dof_slack_0.05
112,[0.68827774 0.75970708 0.18056024 0.94014004],True,local,0.16781813459277226,0.16818,[0.08188771 0.03537015 0.39245678 0.12393729],0.05,[ 0.02512491 -0.04267806],False,model1_4_dof_slack_0.05
113,[0.68741924 0.72641766 0.14145353 0.99104433],True,local,0.1716421732383142,0.17156,[0.08180325 0.03539563 0.38725004 0.12331718],0.05,[0.00011391 0.00108839],False,model1_4_dof_slack_0.05
114,[0.69773352 0.77804923 0.19677053 1.        ],True,local,0.18498672194761348,0.18545,[0.08125596 0.0365543  0.38719502 0.12374388],0.05,[0.04508022 0.01917547],False,model1_4_dof_slack_0.05
115,[0.68860986 0.72531954 0.14208711 0.99092352],True,local,0.171640580215115,0.17144,[0.08179708 0.03541835 0.38765963 0.12335514],0.05,[0.00013598 0.00105852],False,model1_4_dof_slack_0.05
116,[0.63201323 0.76387601 0.19008898 0.97590083],True,local,0.16822855461785344,0.16832,[0.08214079 0.03448534 0.37539752 0.12222377],0.05,[-0.00856303 -0.00575845],True,model1_4_dof_slack_0.05
117,[0.68150834 0.73186688 0.13920362 0.99148721],True,local,0.17165020699526984,0.17178,[0.0818339  0.0352867  0.38526018 0.12313833],0.05,[4.13722318e-05 1.21152931e-03],False,model1_4_dof_slack_0.05
118,[0.68205568 0.73136832 0.16505898 0.98655328],True,local,0.1714401787950629,0.17126,[0.08180891 0.03538125 0.38735412 0.12327248],0.05,[4.97795791e-05 2.65882191e-04],False,model1_4_dof_slack_0.05
119,[0.69355397 0.72057725 0.13380575 0.9915109 ],True,local,0.17152231853250074,0.17141,[0.08178636 0.03546956 0.38873019 0.12347356],0.05,[0.00012433 0.0004988 ],False,model1_4_dof_slack_0.05
120,[0.69704113 0.73147948 0.17131642 0.9935367 ],True,local,0.17531845577550279,0.17544,[0.08160697 0.03588237 0.39022718 0.12367148],0.05,[0.0104101  0.00819864],False,model1_4_dof_slack_0.05
121,[0.68776685 0.72597424 0.14939844 0.98890571],True,local,0.17141617439562687,0.17116,[0.08180074 0.03541772 0.38800717 0.12337038],0.05,[3.09165290e-05 1.27189116e-04],False,model1_4_dof_slack_0.05
122,[0.69398345 0.72004748 0.12616519 0.99228859],True,local,0.1714597261918385,0.17148,[0.08179349 0.03544897 0.38844797 0.12345686],0.05,[4.06998222e-05 2.77109202e-04],False,model1_4_dof_slack_0.05
123,[0.6845073  0.71637323 0.15043704 0.98166918],True,local,0.16796991834139471,0.16755,[0.08192722 0.03517309 0.38898061 0.12335119],0.05,[-0.00917163 -0.00687077],True,model1_4_dof_slack_0.05
124,[0.69009417 0.72372868 0.13744121 0.99058374],True,local,0.17140491943037403,0.17126,[0.08180256 0.03541507 0.38795304 0.12338821],0.05,[6.57885561e-06 7.31151093e-05],False,model1_4_dof_slack_0.05
125,[0.69567001 0.71840039 0.12167547 0.99269579],True,local,0.17142587929380224,0.17154,[0.08179086 0.03546278 0.38873448 0.12349176],0.05,[2.79385967e-05 1.24916723e-04],False,model1_4_dof_slack_0.05
126,[0.69607429 0.72123639 0.1402173  0.99001809],True,local,0.17186231581112862,0.17183,[0.08175794 0.03555486 0.38970893 0.12358187],0.05,[ 0.00234791 -0.00010165],False,model1_4_dof_slack_0.05
127,[0.69311335 0.72083762 0.13178228 0.99129283],True,local,0.17139454028544227,0.17136,[0.08179447 0.03544819 0.38854396 0.12345605],0.05,[6.49210227e-06 1.40222394e-05],False,model1_4_dof_slack_0.05
128,[0.69502088 0.71899486 0.12222269 0.99254971],True,local,0.17140380632590507,0.1715,[0.08179407 0.03545187 0.38857678 0.12347467],0.05,[3.81564546e-06 4.66566158e-05],False,model1_4_dof_slack_0.05
129,[0.69214833 0.72008398 0.13065231 0.98442086],True,local,0.16965328557905787,0.1696,[0.08185729 0.03533214 0.38914379 0.12348741],0.05,[-0.0012056 -0.0069469],True,model1_4_dof_slack_0.05
130,[0.69478207 0.71922378 0.12515954 0.992159  ],True,local,0.17139752832993038,0.17138,[0.08179279 0.03545638 0.38867122 0.1234796 ],0.05,[2.48432719e-06 2.21982585e-05],False,model1_4_dof_slack_0.05
131,[0.68937338 0.7150789  0.13265893 0.99273548],True,local,0.17029896909805906,0.17019,[0.08184637 0.03532331 0.38804153 0.12334138],0.05,[-0.00673595  0.00155984],False,model1_4_dof_slack_0.05
132,[0.69408524 0.71989314 0.12490106 0.99219406],True,local,0.17139764151870437,0.17143,[0.08179619 0.0354434  0.38844175 0.12345708],0.05,[2.29516771e-07 2.46590539e-05],False,model1_4_dof_slack_0.05
133,[0.69048144 0.71947232 0.13748729 0.98834972],True,local,0.17033888189690818,0.17013,[0.08183563 0.03536255 0.38866309 0.12342346],0.05,[-0.0028014  -0.00213331],True,model1_4_dof_slack_0.05
134,[0.69373327 0.72023183 0.12482399 0.99220435],True,local,0.171397698239312,0.17146,[0.08179786 0.03543701 0.38832876 0.12344598],0.05,[-1.30241057e-07  2.52508769e-05],False,model1_4_dof_slack_0.05
135,[0.69406548 0.72237367 0.13752811 0.9949968 ],True,local,0.17271533113843854,0.17266,[0.08174123 0.03555685 0.38845689 0.12346738],0.05,[0.00177374 0.00445637],False,model1_4_dof_slack_0.05
136,[0.6940085  0.71996769 0.1248811  0.99219598],True,local,0.17139767725166807,0.17142,[0.08179655 0.03544199 0.38841697 0.12345465],0.05,[6.37351935e-07 2.40798598e-05],False,model1_4_dof_slack_0.05
137,[0.6931046  0.72083687 0.12827576 0.99174477],True,local,0.17139261342910353,0.17141,[0.0817978  0.03543661 0.38833586 0.12344119],0.05,[-1.07368836e-07  6.18249815e-06],True,model1_4_dof_slack_0.05
138,[0.69608783 0.71796846 0.12549236 0.99209869],True,local,0.17139480042889463,0.17133,[0.0817867  0.03548015 0.3890932  0.12352161],0.05,[8.48563665e-06 4.07585379e-06],True,model1_4_dof_slack_0.05
139,[0.69623195 0.71781678 0.12053574 0.99272168],True,local,0.17139619245872278,0.17147,[0.08179028 0.03546757 0.38886146 0.12350561],0.05,[-6.72339904e-08  1.25985682e-05],False,model1_4_dof_slack_0.05
140,[0.69621778 0.71616497 0.12691988 0.99112775],True,local,0.1709722142276501,0.1709,[0.08179879 0.03546338 0.3894465  0.12354105],0.05,[-0.00119498 -0.00077887],True,model1_4_dof_slack_0.05
141,[0.69590021 0.71813859 0.12302438 0.9924068 ],True,local,0.17139351260119226,0.17143,[0.08178974 0.03546916 0.38889782 0.12350558],0.05,[6.80071178e-08 3.12352316e-06],True,model1_4_dof_slack_0.05
142,[0.6955024  0.71852395 0.11955865 0.99283332],True,local,0.17139502742987747,0.17149,[0.08179446 0.03545179 0.38858408 0.12347907],0.05,[1.24548562e-07 6.13437580e-06],True,model1_4_dof_slack_0.05
143,[0.69524511 0.71755349 0.12284013 0.99088379],True,local,0.17088049897901936,0.17091,[0.08180975 0.03542875 0.38896886 0.12349996],0.05,[-0.00087599 -0.00153098],True,model1_4_dof_slack_0.05
144,[0.69609999 0.71794489 0.12129154 0.99261847],True,local,0.17139369468246843,0.17148,[0.08179031 0.03546739 0.38886356 0.1235047 ],0.05,[3.22187493e-08 1.53213054e-06],True,model1_4_dof_slack_0.05
145,[0.69706918 0.71700513 0.11920272 0.99287217],True,local,0.17139446005982886,0.17149,[0.08178769 0.03547819 0.38904787 0.12352641],0.05,[9.02398758e-07 2.22096480e-06],True,model1_4_dof_slack_0.05
146,[0.69934525 0.71479089 0.117659   0.99305541],True,local,0.17139511094622828,0.17154,[0.08177881 0.03551373 0.38966409 0.12359195],0.05,[4.90129696e-06 1.34568180e-06],True,model1_4_dof_slack_0.05
147,[0.69607941 0.71601668 0.11930706 0.99394801],True,local,0.1713293296823372,0.17138,[0.08179415 0.03545703 0.38878268 0.123489  ],0.05,[-0.00139776  0.00108283],False,model1_4_dof_slack_0.05
148,[0.69709328 0.71698045 0.11744763 0.99308066],True,local,0.1713945754115683,0.17144,[0.08178903 0.03547343 0.38896136 0.12352007],0.05,[6.08965445e-09 1.56708798e-06],True,model1_4_dof_slack_0.05
149,[0.69748568 0.71659893 0.11502497 0.99336559],True,local,0.17139535304494058,0.17148,[0.08178923 0.03547334 0.38895428 0.12352261],0.05,[1.44660101e-07 2.97062180e-06],True,model1_4_dof_slack_0.05
150,[0.69746788 0.71734086 0.11755204 0.99392852],True,local,0.17168688415305902,0.17177,[0.08177763 0.03549649 0.38892117 0.12352351],0.05,[0.00051954 0.00085583],False,model1_4_dof_slack_0.05
151,[0.69692577 0.7171433  0.11648185 0.99319329],True,local,0.17139456698618089,0.17149,[0.08179059 0.03546767 0.38885862 0.12351096],0.05,[2.08808233e-08 4.69457670e-07],True,model1_4_dof_slack_0.05
152,[0.69672054 0.71734271 0.11510626 0.99335415],True,local,0.1713949660851916,0.17149,[0.08179263 0.03546011 0.38872288 0.12349904],0.05,[4.09202891e-08 9.59072789e-07],True,model1_4_dof_slack_0.05
153,[0.69636246 0.71769044 0.11318231 0.99357612],True,local,0.17139551183216056,0.1715,[0.0817958  0.03544836 0.38851219 0.12348026],0.05,[1.24495367e-07 1.87563128e-06],True,model1_4_dof_slack_0.05
154,[0.6969866  0.71761822 0.11521274 0.99427174],True,local,0.17167329477401524,0.17177,[0.08178217 0.03548044 0.38865699 0.12349881],0.05,[0.00038304 0.00092471],False,model1_4_dof_slack_0.05
155,[0.69652052 0.71753693 0.11415219 0.99346374],True,local,0.17139505616476539,0.1715,[0.08179431 0.03545387 0.38861143 0.12348903],0.05,[3.89257239e-08 4.61121444e-07],True,model1_4_dof_slack_0.05
156,[0.69631313 0.71773819 0.11277681 0.99362131],True,local,0.17139535514938303,0.17145,[0.08179636 0.03544634 0.38847616 0.12347713],0.05,[4.18023542e-08 9.58221091e-07],True,model1_4_dof_slack_0.05
157,[0.6972349  0.71810509 0.11265238 0.99360554],True,local,0.17158079553177458,0.17161,[0.08178619 0.03547265 0.38865324 0.12350368],0.05,[ 9.05298194e-04 -2.87326723e-05],False,model1_4_dof_slack_0.05
158,[0.69572963 0.71830421 0.11219805 0.99368604],True,local,0.17139523425385822,0.17148,[0.08179951 0.03543448 0.38826601 0.1234568 ],0.05,[3.30061646e-07 1.71912741e-07],True,model1_4_dof_slack_0.05
159,[0.69656254 0.71749702 0.111394   0.99377665],True,local,0.17139555085761904,0.17143,[0.08179633 0.03544685 0.38848252 0.12347944],0.05,[6.73099037e-07 3.30160045e-07],True,model1_4_dof_slack_0.05
160,[0.69737566 0.71670669 0.11055412 0.99387046],True,local,0.1713956857138242,0.17143,[0.0817933  0.03545881 0.38869124 0.12350148],0.05,[6.42511002e-07 3.54509844e-07],True,model1_4_dof_slack_0.05
161,[0.69749746 0.71658727 0.10857358 0.99409041],True,local,0.17139623319364217,0.1715,[0.08179427 0.03545554 0.38862979 0.12349757],0.05,[1.48484617e-08 1.98536699e-06],True,model1_4_dof_slack_0.05
162,[0.6980158  0.71736514 0.11051017 0.9934771 ],True,local,0.1715057149447477,0.17155,[0.08178683 0.0354763  0.38882722 0.12352281],0.05,[ 0.00091897 -0.00039546],False,model1_4_dof_slack_0.05
163,[0.69736457 0.71671658 0.10956032 0.99398065],True,local,0.17139578107844386,0.17149,[0.08179412 0.03545588 0.38863801 0.12349726],0.05,[1.66819247e-10 4.99837160e-07],True,model1_4_dof_slack_0.05
164,[0.69746455 0.7166193  0.10816142 0.99413437],True,local,0.17139608032712778,0.17149,[0.08179475 0.03545383 0.38859935 0.12349495],0.05,[9.78536432e-09 1.02090763e-06],True,model1_4_dof_slack_0.05
165,[0.69774573 0.71710705 0.10965238 0.99481358],True,local,0.17169026434803053,0.17173,[0.08178263 0.03547913 0.38859816 0.123501  ],0.05,[0.00054566 0.0008385 ],False,model1_4_dof_slack_0.05
166,[0.69770399 0.71638633 0.10868481 0.99407665],True,local,0.17139593182391072,0.17147,[0.08179326 0.03545946 0.3886993  0.12350447],0.05,[1.12226507e-07 3.87813586e-07],True,model1_4_dof_slack_0.05
167,[0.6980702  0.71602951 0.10737403 0.99421957],True,local,0.1713961937832099,0.17141,[0.0817926  0.03546236 0.38874779 0.12351088],0.05,[1.30753784e-07 8.69271972e-07],True,model1_4_dof_slack_0.05
168,[0.69827393 0.71565003 0.10904376 0.99414136],True,local,0.1713904349441926,0.17145,[0.08179059 0.03547012 0.38889578 0.12352314],0.05,[-0.00012928  0.00010379],False,model1_4_dof_slack_0.05
169,[0.69788473 0.71621015 0.10772288 0.99418143],True,local,0.17139602468277298,0.17142,[0.08179318 0.03546003 0.38870766 0.12350641],0.05,[3.15875159e-08 4.68366637e-07],True,model1_4_dof_slack_0.05
170,[0.69792659 0.7161693  0.10659284 0.9943034 ],True,local,0.17139617938142607,0.17148,[0.08179385 0.03545774 0.38866532 0.12350336],0.05,[8.40268715e-10 6.46673078e-07],True,model1_4_dof_slack_0.05
171,[0.6976383  0.71645025 0.10568259 0.99440034],True,local,0.17139628357687212,0.17148,[0.08179585 0.03545025 0.38853205 0.12349085],0.05,[8.13243757e-08 4.18760881e-07],True,model1_4_dof_slack_0.05
172,[0.69768504 0.71640463 0.10427775 0.99454922],True,local,0.17139649970791018,0.17148,[0.08179669 0.03544738 0.38847899 0.12348694],0.05,[3.51536609e-09 9.96865724e-07],True,model1_4_dof_slack_0.05
173,[0.69831393 0.7171758  0.10569493 0.99453051],True,local,0.1716341536364107,0.17171,[0.08178495 0.03547553 0.38861156 0.12350861],0.05,[0.00099125 0.00013117],False,model1_4_dof_slack_0.05
174,[0.69736864 0.71671272 0.10476124 0.99449783],True,local,0.17139635825347477,0.17154,[0.08179777 0.03544307 0.38840423 0.12347891],0.05,[7.35729875e-08 4.26558479e-07],True,model1_4_dof_slack_0.05
175,[0.69746063 0.71662311 0.10336058 0.99464495],True,local,0.17139648569014684,0.17151,[0.08179841 0.03544104 0.38836589 0.12347645],0.05,[8.09539814e-09 9.91971160e-07],True,model1_4_dof_slack_0.05
176,[0.69726044 0.71660184 0.10465765 0.99351535],True,local,0.17115262711578427,0.17127,[0.08180636 0.03542751 0.38850062 0.12348403],0.05,[-0.00015486 -0.0009875 ],True,model1_4_dof_slack_0.05
177,[0.69665362 0.71740834 0.10469186 0.99450471],True,local,0.17139619030717312,0.1715,[0.08180112 0.03543033 0.38817935 0.12345639],0.05,[4.97448628e-07 2.61381790e-09],True,model1_4_dof_slack_0.05
178,[0.69669699 0.7163837  0.10409785 0.99447461],True,local,0.1712274500506508,0.17135,[0.0818069  0.03542004 0.38825668 0.12345788],0.05,[-7.04095119e-04 -9.19504167e-05],True,model1_4_dof_slack_0.05
179,[0.69752904 0.71655655 0.10403417 0.99457399],True,local,0.1713963903016873,0.1715,[0.08179759 0.03544399 0.38841917 0.12348115],0.05,[2.50190613e-08 2.67292434e-07],True,model1_4_dof_slack_0.05
180,[0.69776159 0.71633014 0.10266514 0.99471693],True,local,0.17139659242749383,0.17155,[0.08179755 0.03544453 0.38842629 0.12348322],0.05,[5.27936823e-08 9.47169705e-07],True,model1_4_dof_slack_0.05
181,[0.69720101 0.71687583 0.10314989 0.99466622],True,local,0.17139644001145274,0.17151,[0.08179975 0.03543592 0.38827553 0.12346756],0.05,[1.04817353e-07 3.95159044e-07],True,model1_4_dof_slack_0.05
182,[0.96193291 0.51197827 1.         0.30901699],True,local,0.15818451920290144,0.15377,[0.09158076 0.05417164 0.45225207 0.20082831],0.05,[0.08969568 0.0466573 ],False,model1_4_dof_slack_0.05
183,[0.73096645 0.50598914 0.75       0.6545085 ],True,local,0.13692943250013512,0.13582,[0.08499024 0.04136649 0.4713995  0.14329446],0.05,[-0.11099102 -0.00456975],True,model1_4_dof_slack_0.05
184,[1.         0.32037175 1.         0.19460145],True,local,0.13141651782183508,0.12657,[0.0974323  0.0551497  0.43598382 0.2231082 ],0.05,[0.05006574 0.01875891],False,model1_4_dof_slack_0.05
185,[1.         0.16249703 1.         0.10369016],True,local,0.11026093406644812,0.10568,[0.10191934 0.05489283 0.42169095 0.23570944],0.05,[0.01311662 0.00536145],False,model1_4_dof_slack_0.05
186,[1.         0.07833503 1.         0.05237764],True,local,0.10227362881382139,0.09785,[0.10369494 0.05462133 0.41542869 0.23928361],0.05,[0.0030635  0.00137077],False,model1_4_dof_slack_0.05
187,[1.         0.03949722 1.         0.02767707],True,local,0.10015195702377347,0.09581,[0.10417902 0.05451886 0.41360771 0.23995347],0.05,[0.00077971 0.00038294],False,model1_4_dof_slack_0.05
188,[1.         0.07908803 0.99165983 0.1107886 ],True,local,0.10418968780631149,0.0998,[0.10290786 0.0544238  0.41907134 0.23638125],0.05,[ 0.00312258 -0.00217069],False,model1_4_dof_slack_0.05
189,[0.97063188 0.03717731 0.97063188 0.05541954],True,local,0.0936576597532693,0.08987,[0.10310108 0.05240862 0.42353417 0.22840401],0.05,[-0.0286564  -0.02778728],True,model1_4_dof_slack_0.05
190,[1.00000000e+00 8.11383079e-02 1.00000000e+00 1.00000000e-09],False,local,0.10154796518723634,0.09725,[0.10385966 0.05459653 0.41483295 0.23964454],0.05,[0.00328631 0.        ],False,model1_4_dof_slack_0.05
191,[0.96979724 0.06731413 1.         0.05620798],True,local,0.09818629186194215,0.09374,[0.1032933  0.05348403 0.42001187 0.23338422],0.05,[-0.02786941  0.00157842],False,model1_4_dof_slack_0.05
192,[1.         0.0127214  1.         0.06990331],True,local,0.10106274242811644,0.09672,[0.10396996 0.05455729 0.41439114 0.23958121],0.05,[8.09137055e-05 2.44025872e-03],False,model1_4_dof_slack_0.05
193,[0.98489862 0.05340568 1.         0.04194252],True,local,0.09904802752254976,0.09483,[0.10375693 0.05399297 0.41676164 0.2366849 ],0.05,[-0.01365449  0.0008792 ],False,model1_4_dof_slack_0.05
194,[1.         0.01983895 1.         0.01383242],True,local,0.09956704872792536,0.09533,[0.10431452 0.05448846 0.41308378 0.24011849],0.05,[1.96772535e-04 9.56633178e-05],False,model1_4_dof_slack_0.05
195,[1.         0.00992993 1.         0.00691114],True,local,0.09941816364707966,0.09519,[0.10434912 0.05448064 0.41294915 0.24016019],0.05,[4.93005599e-05 2.38816323e-05],False,model1_4_dof_slack_0.05
196,[1.         0.00496621 1.         0.00345741],True,local,0.09938076093669597,0.09515,[0.10435779 0.0544787  0.41291556 0.24017125],0.05,[1.23315219e-05 5.97682608e-06],False,model1_4_dof_slack_0.05
197,[9.99968137e-01 9.03232865e-03 1.00000000e+00 1.00000000e-09],False,local,0.09939230762389732,0.09518,[0.10435369 0.05447844 0.4129349  0.24016196],0.05,[8.92927338e-06 0.00000000e+00],True,model1_4_dof_slack_0.05
198,[0.99719029 0.00804791 0.99719029 0.00842874],True,local,0.09872927386632425,0.09444,[0.10425733 0.05427335 0.41387272 0.2390591 ],0.05,[-0.00277724 -0.00277409],True,model1_4_dof_slack_0.05
199,[1.00000000e+00 9.19307107e-04 1.00000000e+00 9.25591161e-03],True,local,0.09939789019900266,0.09518,[0.10435375 0.0544795  0.41293134 0.24016519],0.05,[4.22562690e-07 4.28350324e-05],False,model1_4_dof_slack_0.05
200,[0.99832322 0.01034469 1.         0.00773061],True,local,0.09921902883809632,0.09495,[0.10431923 0.0544181  0.41323766 0.23981726],0.05,[-1.62319022e-03  2.98807475e-05],False,model1_4_dof_slack_0.05
201,[1.         0.00578594 1.         0.0104808 ],True,local,0.09941725800171977,0.0952,[0.10434929 0.05448044 0.41294837 0.24015846],0.05,[1.67383896e-05 5.49221075e-05],False,model1_4_dof_slack_0.05
202,[0.99859514 0.00650706 0.99859514 0.00594308],True,local,0.09905217089383982,0.09481,[0.10430812 0.05437582 0.4133923  0.23961561],0.05,[-0.00138366 -0.00138717],True,model1_4_dof_slack_0.05
203,[1.         0.00248327 1.         0.00172876],True,local,0.09937139185051382,0.09516,[0.10435995 0.05447823 0.4129073  0.24017437],0.05,[3.08331125e-06 1.49430763e-06],True,model1_4_dof_slack_0.05
204,[1.00000000e+00 1.24165612e-03 1.00000000e+00 8.64388111e-04],True,local,0.0993690278621644,0.09516,[0.10436048 0.05447813 0.41290532 0.24017532],0.05,[7.70854663e-07 3.73583333e-07],True,model1_4_dof_slack_0.05
205,[1.00000000e+00 6.20830693e-04 1.00000000e+00 4.32194941e-04],True,local,0.09936845756580363,0.09516,[0.1043606  0.0544781  0.41290486 0.24017564],0.05,[1.92715356e-07 9.33962293e-08],True,model1_4_dof_slack_0.05
206,[0.99986338 0.00141311 1.         0.00102686],True,local,0.0993525220766966,0.09513,[0.10435811 0.05447301 0.41292856 0.24014741],0.05,[-1.35622818e-04  5.27217367e-07],True,model1_4_dof_slack_0.05
207,[0.99975808 0.0012603  0.99975808 0.0011207 ],True,local,0.09931019364574986,0.09511,[0.10435243 0.05446029 0.41298553 0.24008027],0.05,[-0.00024112 -0.00024129],True,model1_4_dof_slack_0.05
208,[1.00000000e+00 4.94871588e-05 1.00000000e+00 1.25290595e-03],True,local,0.09936877011643089,0.09516,[0.10436052 0.05447812 0.4129052  0.24017555],0.05,[1.22448946e-09 7.84886357e-07],True,model1_4_dof_slack_0.05
209,[1.00000000e+00 1.52261137e-03 1.00000000e+00 1.00000000e-09],False,local,0.0993690412275989,0.09516,[0.10436048 0.05447813 0.41290533 0.24017539],0.05,[1.15917203e-06 0.00000000e+00],True,model1_4_dof_slack_0.05
210,[9.99996217e-01 1.61950613e-03 1.00000000e+00 3.80881670e-04],True,local,0.09936875188955158,0.09516,[0.10436038 0.054478   0.41290609 0.24017452],0.05,[-2.47156898e-06  7.25354207e-08],True,model1_4_dof_slack_0.05
211,[0.5 0.5 0.5 0.5],True,local,0.7503259809147699,0.75056,[0.0873164  0.02906029 0.46357002 0.13231133],0.1,[-0.29289322 -0.29289322],True,model1_4_dof_slack_0.1
212,[1.  0.5 0.5 0.5],True,local,0.6772329919834079,0.67934,[0.08721378 0.04352012 0.47534061 0.15856529],0.1,[ 0.11803399 -0.29289322],False,model1_4_dof_slack_0.1
213,[0.5 1.  0.5 0.5],True,local,0.8205041240754432,0.82002,[0.08266405 0.03363389 0.40645649 0.11884723],0.1,[ 0.11803399 -0.29289322],False,model1_4_dof_slack_0.1
214,[0.5 0.5 1.  0.5],True,local,0.6784896409875442,0.68011,[0.08711285 0.0430943  0.4765295  0.15388732],0.1,[-0.29289322  0.11803399],False,model1_4_dof_slack_0.1
215,[0.5 0.5 0.5 1. ],True,local,0.8210434113412742,0.82123,[0.08265966 0.03374391 0.40518999 0.1202353 ],0.1,[-0.29289322  0.11803399],False,model1_4_dof_slack_0.1
216,[1.00000003e-09 5.00000001e-01 5.00000001e-01 5.00000001e-01],False,local,0.8063158759862886,0.80602,[0.08846197 0.02269326 0.42460606 0.12395265],0.1,[-0.5        -0.29289322],True,model1_4_dof_slack_0.1
217,[5.00000001e-01 1.00000003e-09 5.00000001e-01 5.00000001e-01],False,local,0.6980323503057658,0.69934,[0.09038752 0.02706504 0.48437359 0.13305197],0.1,[-0.5        -0.29289322],True,model1_4_dof_slack_0.1
218,[5.00000001e-01 5.00000001e-01 1.00000003e-09 5.00000001e-01],False,local,0.8040511051874945,0.80403,[0.08851505 0.0230394  0.42400135 0.13089184],0.1,[-0.29289322 -0.5       ],True,model1_4_dof_slack_0.1
219,[5.00000001e-01 5.00000001e-01 5.00000001e-01 1.00000003e-09],False,local,0.6960537072280979,0.69751,[0.09049715 0.02720893 0.48390215 0.13714269],0.1,[-0.29289322 -0.5       ],True,model1_4_dof_slack_0.1
220,[1.00000000e-09 8.00622350e-01 2.41487013e-01 8.04626391e-01],False,local,0.9341763441186774,0.93643,[0.08983591 0.02602941 0.20296034 0.16580154],0.1,[-0.19937765 -0.15991691],True,model1_4_dof_slack_0.1
221,[1.00000000e-09 9.55193214e-01 1.00000000e-09 1.00000000e+00],False,local,0.9911675889375783,1.0,[0.09475661 0.03324147 0.06043998 0.25498064],0.1,[-0.04480679  0.        ],True,model1_4_dof_slack_0.1
222,[4.97988306e-01 1.00000000e+00 1.00000000e-09 1.00000000e+00],False,local,0.8908696732562504,0.89105,[0.08313406 0.03415027 0.29781034 0.1280164 ],0.1,[0.11713578 0.        ],False,model1_4_dof_slack_0.1
223,[4.05308055e-03 4.55209642e-01 1.00000000e-09 1.00000000e+00],False,local,0.9995699567746935,1.0,[0.09722457 0.02755407 0.03268356 0.28865486],0.1,[-0.54477231  0.        ],True,model1_4_dof_slack_0.1
224,[4.85923788e-02 4.77930798e-01 1.00000000e-09 1.00000000e+00],False,local,0.9922709192586433,0.99886,[0.09621912 0.0273369  0.05398919 0.27188544],0.1,[-0.5196053  0.       ],True,model1_4_dof_slack_0.1
225,[0.02945216 0.43189686 0.02560665 0.97439335],True,local,0.9964633215101663,0.99972,[0.09689296 0.02661703 0.04261675 0.28294239],0.1,[-0.5671001  -0.02527024],True,model1_4_dof_slack_0.1
226,[5.79823574e-03 4.05240107e-01 1.00000000e-09 1.00000000e+00],False,local,0.9999312126382095,1.0,[0.09744642 0.0271997  0.02927411 0.29274632],0.1,[-0.59471841  0.        ],True,model1_4_dof_slack_0.1
227,[1.00000001e-09 3.55577468e-01 5.25992852e-05 1.00000000e+00],False,local,1.0,1.0,[0.09769026 0.02690563 0.02509747 0.29737319],0.1,[-6.44422532e-01  1.38334237e-09],True,model1_4_dof_slack_0.1
228,[0.00244814 0.35525538 0.04999159 1.        ],True,local,0.9935243781825152,0.99859,[0.09657527 0.02639937 0.05015776 0.27832199],0.1,[-0.64473619  0.0012488 ],False,model1_4_dof_slack_0.1
229,[1.00000000e-09 3.66493167e-01 1.00000000e-09 9.51206099e-01],False,local,1.0,1.0,[0.09820451 0.02610144 0.01606278 0.30590838],0.1,[-0.63350683 -0.0487939 ],True,model1_4_dof_slack_0.1
230,[1.00000000e-09 3.94823037e-01 1.00000000e-09 9.10006361e-01],False,local,1.0,1.0,[0.09855662 0.02556759 0.00935322 0.31168059],0.1,[-0.60517696 -0.08999364],True,model1_4_dof_slack_0.1
231,[1.00000000e-09 4.16482163e-01 1.00000000e-09 9.52255058e-01],False,local,1.0,1.0,[0.09793852 0.02644387 0.02085402 0.30075668],0.1,[-0.58351784 -0.04774494],True,model1_4_dof_slack_0.1
232,[4.96593094e-02 3.60669856e-01 1.00000000e-09 9.51411344e-01],False,local,0.995975057135542,0.9985,[0.09709092 0.02557996 0.04244067 0.28667348],0.1,[-0.63592749 -0.04858866],True,model1_4_dof_slack_0.1
233,[1.00000000e-09 3.92544994e-01 1.00000000e-09 9.93882818e-01],False,local,0.999999163567657,1.0,[0.09759229 0.02701738 0.02675203 0.29527965],0.1,[-0.60745501 -0.00611718],True,model1_4_dof_slack_0.1
234,[1.00000000e-09 3.21062853e-01 1.00000000e-09 9.30323414e-01],False,local,1.0,1.0,[0.09868769 0.02547632 0.00677054 0.31498089],0.1,[-0.67893715 -0.06967659],True,model1_4_dof_slack_0.1
235,[1.00000000e-09 3.30434332e-01 1.00000000e-09 9.85843657e-01],False,local,1.0,1.0,[0.09796021 0.02651295 0.0204378  0.3022306 ],0.1,[-0.66956567 -0.01415634],True,model1_4_dof_slack_0.1
236,[1.00000000e-09 3.41579885e-01 1.00000000e-09 9.53286576e-01],False,local,1.0,1.0,[0.09830049 0.02599363 0.01427071 0.30790537],0.1,[-0.65842011 -0.04671342],True,model1_4_dof_slack_0.1
237,[0.00446947 0.36649317 0.01167364 0.9512061 ],True,local,1.0,1.0,[0.09807043 0.02603894 0.01912375 0.30357602],0.1,[-0.63347958 -0.04872227],True,model1_4_dof_slack_0.1
238,[1.00000000e-09 3.70816711e-01 1.08806946e-02 9.46828032e-01],False,local,1.0,1.0,[0.09812245 0.02599621 0.01804521 0.30439687],0.1,[-0.62918329 -0.05310945],True,model1_4_dof_slack_0.1
239,[1.00000000e-09 3.73106656e-01 1.00000000e-09 9.53708451e-01],False,local,1.0,1.0,[0.09814185 0.02618558 0.01721277 0.30474524],0.1,[-0.62689334 -0.04629155],True,model1_4_dof_slack_0.1
240,[0.00471211 0.367638   0.0043351  0.94843259],True,local,1.0,1.0,[0.09819262 0.02604251 0.01647381 0.30569236],0.1,[-0.63233181 -0.0515575 ],True,model1_4_dof_slack_0.1
241,[1.00000000e-09 3.65140073e-01 1.00000000e-09 9.58146498e-01],False,local,1.0,1.0,[0.09812849 0.02621549 0.01745423 0.30462159],0.1,[-0.63485993 -0.0418535 ],True,model1_4_dof_slack_0.1
242,[1.00000000e-09 3.71237412e-01 4.09534055e-03 9.47931907e-01],False,local,1.0,1.0,[0.09819679 0.02606143 0.01629893 0.30570557],0.1,[-0.62876259 -0.05205925],True,model1_4_dof_slack_0.1
243,[1.00000000e-09 3.63959546e-01 1.00000000e-09 9.44604526e-01],False,local,1.0,1.0,[0.0982967  0.02597033 0.01434893 0.3075336 ],0.1,[-0.63604045 -0.05539547],True,model1_4_dof_slack_0.1
244,[6.31183334e-04 3.59785689e-01 1.00000000e-09 9.49058694e-01],False,local,1.0,1.0,[0.09826388 0.02602411 0.01496446 0.30702469],0.1,[-0.64021376 -0.05094131],True,model1_4_dof_slack_0.1
245,[1.00000000e-09 3.67942428e-01 1.00000000e-09 9.54430947e-01],False,local,1.0,1.0,[0.09815886 0.02616687 0.01690123 0.30510478],0.1,[-0.63205757 -0.04556905],True,model1_4_dof_slack_0.1
246,[1.76389509e-03 3.66601812e-01 1.00000000e-09 9.51162811e-01],False,local,1.0,1.0,[0.09820292 0.0261013  0.01610991 0.30588486],0.1,[-0.63339394 -0.04883719],True,model1_4_dof_slack_0.1
247,[9.41797584e-04 3.66677369e-01 1.00000000e-09 9.49721482e-01],False,local,1.0,1.0,[0.09822146 0.02607693 0.01575584 0.30620153],0.1,[-0.63332142 -0.05027852],True,model1_4_dof_slack_0.1
248,[3.74375029e-05 3.66732343e-01 9.64975779e-04 9.51105019e-01],True,local,1.0,1.0,[0.09820203 0.02609994 0.01611922 0.30586325],0.1,[-0.63326766 -0.04889449],True,model1_4_dof_slack_0.1
249,[1.         0.30901699 0.9938655  0.54926732],True,local,0.6288081201541788,0.63518,[0.09114999 0.05514682 0.44980364 0.20090349],0.1,[0.0466573  0.13554534],False,model1_4_dof_slack_0.1
250,[0.75       0.6545085  0.74693275 0.52463366],True,local,0.7123295783193938,0.7135,[0.08483921 0.0419398  0.47087849 0.14537419],0.1,[-0.00456975 -0.08723003],True,model1_4_dof_slack_0.1
251,[1.         0.20311689 1.         0.34640537],True,local,0.5813436302108321,0.58965,[0.0967258  0.05505885 0.43777987 0.21945963],0.1,[0.02041975 0.05829896],False,model1_4_dof_slack_0.1
252,[1.         0.10333863 1.         0.16231671],True,local,0.5385454029312472,0.54887,[0.10191898 0.05485807 0.42162344 0.23523724],0.1,[0.00532526 0.01308771],False,model1_4_dof_slack_0.1
253,[1.         0.05613292 1.         0.08372205],True,local,0.5246684948514576,0.53468,[0.10360214 0.05462962 0.41575084 0.23899982],0.1,[0.00157421 0.00349857],False,model1_4_dof_slack_0.1
254,[1.         0.02968982 1.         0.04208666],True,local,0.5201452873547606,0.53016,[0.10415329 0.0545221  0.41370223 0.23988746],0.1,[0.00044065 0.00088525],False,model1_4_dof_slack_0.1
255,[1.         0.12134341 1.         0.07944243],True,local,0.5305978487795527,0.5408,[0.10288082 0.0547656  0.41835773 0.23783512],0.1,[0.00733521 0.00315059],False,model1_4_dof_slack_0.1
256,[0.97059765 0.05734627 0.97059765 0.03961176],True,local,0.5230621830032659,0.53234,[0.10307158 0.05241666 0.42365635 0.22841736],0.1,[-0.02770971 -0.02859437],True,model1_4_dof_slack_0.1
257,[1.         0.01490133 1.         0.02095541],True,local,0.5188801659178177,0.52874,[0.10430834 0.05448924 0.41310692 0.2401029 ],0.1,[0.00011102 0.00021954],False,model1_4_dof_slack_0.1
258,[1.00000000e+00 1.00000000e-09 1.00000000e+00 6.86832878e-02],False,local,0.5214489066109355,0.53138,[0.10399402 0.05455324 0.41430289 0.239629  ],0.1,[0.         0.00235592],False,model1_4_dof_slack_0.1
259,[1.00000000e+00 6.02981482e-02 1.00000000e+00 1.00000000e-09],False,local,0.5207493772947931,0.53043,[0.10407878 0.05454621 0.41400014 0.23989583],0.1,[0.00181628 0.        ],False,model1_4_dof_slack_0.1
260,[0.97043034 0.04358974 1.         0.04928579],True,local,0.5219750454149675,0.53178,[0.10354695 0.05345447 0.41901514 0.23382328],0.1,[-0.02859118  0.00121381],False,model1_4_dof_slack_0.1
261,[0.98529883 0.0361238  0.98529883 0.03028359],True,local,0.5206200632686163,0.53016,[0.10371443 0.05343827 0.41834083 0.23424559],0.1,[-0.0140392  -0.01423589],True,model1_4_dof_slack_0.1
262,[1.         0.00745726 1.         0.0104905 ],True,local,0.5185607963001166,0.52838,[0.10434754 0.05448084 0.41295514 0.24015634],0.1,[2.78049644e-05 5.50237423e-05],False,model1_4_dof_slack_0.1
263,[1.         0.00372923 1.         0.00524681],True,local,0.5184804196344197,0.52831,[0.10435739 0.05447875 0.41291709 0.24017032],0.1,[6.95355538e-06 1.37643920e-05],False,model1_4_dof_slack_0.1
264,[1.         0.00949244 1.         0.0011498 ],True,local,0.5185124543675914,0.52832,[0.10435347 0.0544798  0.4129325  0.24016735],0.1,[4.50521888e-05 6.61025089e-07],False,model1_4_dof_slack_0.1
265,[0.99726646 0.00871401 0.99726646 0.00844172],True,local,0.518683612901576,0.52846,[0.10425894 0.05427917 0.41385114 0.23908792],0.1,[-0.00269547 -0.00269781],True,model1_4_dof_slack_0.1
266,[0.99684881 0.00797709 1.         0.00993996],True,local,0.5186386812188979,0.52843,[0.10429477 0.05436269 0.41348392 0.23951713],0.1,[-3.11926835e-03  4.94001834e-05],False,model1_4_dof_slack_0.1
267,[1.00000000e+00 1.00000000e-09 1.00000000e+00 1.12545384e-02],False,local,0.5185363923501121,0.52833,[0.10435051 0.05448019 0.41294394 0.24016087],0.1,[0.00000000e+00 6.33303119e-05],False,model1_4_dof_slack_0.1
268,[1.         0.01077008 1.         0.00459376],True,local,0.5185418243054929,0.52837,[0.10434987 0.05448056 0.41294639 0.24016225],0.1,[5.79956075e-05 1.05512722e-05],False,model1_4_dof_slack_0.1
269,[1.         0.00186469 1.         0.0026236 ],True,local,0.5184603760121844,0.52827,[0.10435985 0.05447825 0.4129077  0.24017415],0.1,[1.73852603e-06 3.44163426e-06],True,model1_4_dof_slack_0.1
270,[1.00000000e+00 9.32352066e-04 1.00000000e+00 1.31182513e-03],True,local,0.5184554434400678,0.52826,[0.10436045 0.05447813 0.41290543 0.24017527],0.1,[4.34640093e-07 8.60442215e-07],True,model1_4_dof_slack_0.1
271,[1.00000000e+00 4.66177146e-04 1.00000000e+00 6.55915668e-04],True,local,0.5184541583393586,0.52826,[0.1043606  0.05447811 0.41290489 0.24017563],0.1,[1.08660560e-07 2.15112659e-07],True,model1_4_dof_slack_0.1
272,[0.99971066 0.00116798 0.99971066 0.00123904],True,local,0.5184697771185525,0.52826,[0.10435085 0.05445679 0.41300125 0.24006165],0.1,[-0.00028866 -0.00028858],True,model1_4_dof_slack_0.1
273,[0.99974486 0.00107432 1.         0.00140762],True,local,0.5184621950696633,0.52831,[0.1043561  0.05446856 0.41294859 0.24012329],0.1,[-2.54567104e-04  9.90701717e-07],True,model1_4_dof_slack_0.1
274,[9.99855328e-01 8.17078591e-04 9.99855328e-01 9.47477238e-04],True,local,0.5184618369660016,0.52826,[0.10435574 0.05446745 0.41295301 0.24011866],0.1,[-0.00014434 -0.00014422],True,model1_4_dof_slack_0.1
275,[1.00000000e+00 1.28127991e-03 1.00000000e+00 7.65992764e-05],True,local,0.5184547553541459,0.52826,[0.10436053 0.05447812 0.41290514 0.24017548],0.1,[8.20838769e-07 2.93372450e-09],True,model1_4_dof_slack_0.1
276,[1.00000000e+00 1.00000000e-09 1.00000000e+00 1.54060759e-03],False,local,0.5184552137207575,0.52828,[0.10436047 0.05447813 0.41290545 0.24017544],0.1,[0.00000000e+00 1.18673517e-06],True,model1_4_dof_slack_0.1
277,[0.5 0.5 0.5 0.5],True,local,1.0,1.0,[0.0873164  0.02906029 0.46357002 0.13231133],0.2,[-0.29289322 -0.29289322],True,model1_4_dof_slack_0.2
278,[1.  0.5 0.5 0.5],True,local,0.9999966641509836,1.0,[0.08721378 0.04352012 0.47534061 0.15856529],0.2,[ 0.11803399 -0.29289322],False,model1_4_dof_slack_0.2
279,[0.5 1.  0.5 0.5],True,local,1.0,1.0,[0.08266405 0.03363389 0.40645649 0.11884723],0.2,[ 0.11803399 -0.29289322],False,model1_4_dof_slack_0.2
280,[0.5 0.5 1.  0.5],True,local,0.9999947354703024,1.0,[0.08711285 0.0430943  0.4765295  0.15388732],0.2,[-0.29289322  0.11803399],False,model1_4_dof_slack_0.2
281,[0.5 0.5 0.5 1. ],True,local,1.0,1.0,[0.08265966 0.03374391 0.40518999 0.1202353 ],0.2,[-0.29289322  0.11803399],False,model1_4_dof_slack_0.2
282,[1.00000003e-09 5.00000001e-01 5.00000001e-01 5.00000001e-01],False,local,1.0,1.0,[0.08846197 0.02269326 0.42460606 0.12395265],0.2,[-0.5        -0.29289322],True,model1_4_dof_slack_0.2
283,[5.00000001e-01 1.00000003e-09 5.00000001e-01 5.00000001e-01],False,local,1.0,1.0,[0.09038752 0.02706504 0.48437359 0.13305197],0.2,[-0.5        -0.29289322],True,model1_4_dof_slack_0.2
284,[5.00000001e-01 5.00000001e-01 1.00000003e-09 5.00000001e-01],False,local,1.0,1.0,[0.08851505 0.0230394  0.42400135 0.13089184],0.2,[-0.29289322 -0.5       ],True,model1_4_dof_slack_0.2
285,[5.00000001e-01 5.00000001e-01 5.00000001e-01 1.00000003e-09],False,local,1.0,1.0,[0.09049715 0.02720893 0.48390215 0.13714269],0.2,[-0.29289322 -0.5       ],True,model1_4_dof_slack_0.2
286,[0.25 0.5  0.25 0.5 ],True,local,1.0,1.0,[0.09015671 0.01937055 0.36004498 0.13453838],0.2,[-0.440983 -0.440983],True,model1_4_dof_slack_0.2
287,[0.49063676 0.5        0.25139057 0.5       ],True,local,1.0,1.0,[0.08811398 0.02446015 0.43793301 0.13072535],0.2,[-0.29948274 -0.44035974],True,model1_4_dof_slack_0.2
288,[0.625 0.5   0.5   0.5  ],True,local,1.0,1.0,[0.0870559  0.03212763 0.47157241 0.13647857],0.2,[-0.19960947 -0.29289322],True,model1_4_dof_slack_0.2
289,[0.4766667  0.5        0.37719708 0.5       ],True,local,1.0,1.0,[0.08776308 0.02604723 0.44953423 0.13023524],0.2,[-0.30919529 -0.37367928],True,model1_4_dof_slack_0.2
290,[0.5  0.55 0.5  0.5 ],True,local,1.0,1.0,[0.08683093 0.02941642 0.45916382 0.13127456],0.2,[-0.25669656 -0.29289322],True,model1_4_dof_slack_0.2
291,[0.47643146 0.5        0.45590324 0.5       ],True,local,1.0,1.0,[0.08750746 0.02757857 0.45766494 0.13096   ],0.2,[-0.30935759 -0.32335551],True,model1_4_dof_slack_0.2
292,[0.5  0.5  0.5  0.55],True,local,1.0,1.0,[0.08683134 0.0294116  0.45895513 0.13110778],0.2,[-0.29289322 -0.25669656],True,model1_4_dof_slack_0.2
293,[0.54876603 0.5        0.51103965 0.5       ],True,local,1.0,1.0,[0.08717912 0.03044129 0.46776471 0.13399148],0.2,[-0.25760916 -0.28504439],True,model1_4_dof_slack_0.2
294,[0.5  0.45 0.5  0.5 ],True,local,1.0,1.0,[0.08779179 0.02872263 0.46760538 0.13302789],0.2,[-0.3273188  -0.29289322],True,model1_4_dof_slack_0.2
295,[0.52846627 0.5        0.45889439 0.5       ],True,local,1.0,1.0,[0.08734706 0.0288701  0.46270904 0.1327384 ],0.2,[-0.27248601 -0.32133656],True,model1_4_dof_slack_0.2
296,[0.48506564 0.5        0.54771755 0.5       ],True,local,1.0,1.0,[0.08722921 0.02981038 0.46615363 0.13266153],0.2,[-0.30337336 -0.25838385],True,model1_4_dof_slack_0.2
297,[0.49292893 0.5        0.5        0.5       ],True,local,1.0,1.0,[0.08733412 0.02889959 0.4630213  0.13209437],0.2,[-0.29787541 -0.29289322],True,model1_4_dof_slack_0.2
298,[0.49976932 0.5        0.5070673  0.5       ],True,local,1.0,1.0,[0.0872987  0.02921019 0.46410208 0.13240787],0.2,[-0.29305632 -0.28787834],True,model1_4_dof_slack_0.2
299,[0.5        0.50707107 0.5        0.5       ],True,local,1.0,1.0,[0.08724822 0.02910952 0.46296913 0.13218285],0.2,[-0.28787566 -0.29289322],True,model1_4_dof_slack_0.2
300,[0.5   0.5   0.5   0.501],True,local,1.0,1.0,[0.08730677 0.02906708 0.46348169 0.13228877],0.2,[-0.29289322 -0.29218576],True,model1_4_dof_slack_0.2
301,[0.49970345 0.5        0.49904498 0.5       ],True,local,1.0,1.0,[0.08731962 0.02903267 0.46347216 0.13228844],0.2,[-0.29310288 -0.29356819],True,model1_4_dof_slack_0.2
302,[0.50090671 0.5        0.49957825 0.5       ],True,local,1.0,1.0,[0.08731525 0.0290718  0.46360671 0.13233325],0.2,[-0.29225179 -0.29319138],True,model1_4_dof_slack_0.2
303,[1.         0.73695559 1.         0.5       ],True,local,0.9999436488879446,1.0,[0.08587303 0.05650206 0.45222535 0.18846425],0.2,[0.24221719 0.11803399],False,model1_4_dof_slack_0.2
304,[1.  1.  1.  0.5],True,local,0.9999108358965834,1.0,[0.08183747 0.05784827 0.44804423 0.17738971],0.2,[0.41421356 0.11803399],False,model1_4_dof_slack_0.2
305,[1.00000000e+00 1.00000000e+00 1.00000000e+00 1.00000058e-09],False,local,0.9999318425230894,1.0,[0.08392244 0.05710907 0.45019542 0.18334943],0.2,[0.41421356 0.        ],False,model1_4_dof_slack_0.2
306,[1. 1. 1. 1.],True,local,0.9998768547601912,1.0,[0.07728056 0.06025402 0.43595847 0.16604382],0.2,[0.41421356 0.41421356],False,model1_4_dof_slack_0.2
307,[0.75 0.75 0.75 1.  ],True,local,0.9999955091608235,1.0,[0.07923502 0.04588699 0.43818017 0.13477562],0.2,[0.06066017 0.25      ],False,model1_4_dof_slack_0.2
308,[1.   1.   1.   0.95],True,local,0.9998801650484261,1.0,[0.07777935 0.05994127 0.43767893 0.16724915],0.2,[0.41421356 0.37931142],False,model1_4_dof_slack_0.2
309,[0.97113249 0.97113249 1.         0.97113249],True,local,0.9998899439558963,1.0,[0.07776998 0.05906368 0.43835329 0.16454622],0.2,[0.37338873 0.39395061],False,model1_4_dof_slack_0.2
310,[0.97113249 1.         0.97113249 0.97113249],True,local,0.9998993968473325,1.0,[0.0773998  0.05847926 0.4376409  0.16157837],0.2,[0.39395061 0.37338873],False,model1_4_dof_slack_0.2
311,[1.   0.95 1.   1.  ],True,local,0.9998792363117156,1.0,[0.07778136 0.05992119 0.43756015 0.16696926],0.2,[0.37931142 0.41421356],False,model1_4_dof_slack_0.2
312,[0.97113249 0.97113249 0.97113249 1.        ],True,local,0.9998992792465484,1.0,[0.07740189 0.05846956 0.43756154 0.16143946],0.2,[0.37338873 0.39395061],False,model1_4_dof_slack_0.2
313,[0.99591752 0.99591752 1.         0.99591752],True,local,0.9998787164586062,1.0,[0.07734927 0.06008454 0.43629628 0.16582839],0.2,[0.40844006 0.41132976],False,model1_4_dof_slack_0.2
314,[1.         1.         1.         0.99292893],True,local,0.9998773069840952,1.0,[0.07735138 0.06020872 0.43620774 0.16621305],0.2,[0.41421356 0.40922243],False,model1_4_dof_slack_0.2
315,[0.99591752 0.99591752 0.99591752 1.        ],True,local,0.999880021244605,1.0,[0.07729581 0.05999966 0.43620396 0.16537856],0.2,[0.40844006 0.41132976],False,model1_4_dof_slack_0.2
316,[1.    0.999 1.    1.   ],True,local,0.9998769030757708,1.0,[0.07729063 0.06024722 0.43599135 0.16606253],0.2,[0.41350663 0.41421356],False,model1_4_dof_slack_0.2
317,[1.    1.    1.    0.999],True,local,0.9998769186790286,1.0,[0.07729058 0.0602476  0.43599384 0.16606773],0.2,[0.41421356 0.41350663],False,model1_4_dof_slack_0.2
318,[0.99942265 0.99942265 1.         0.99942265],True,local,0.9998771163184377,1.0,[0.07729026 0.06023003 0.43600622 0.16601329],0.2,[0.41339707 0.41380537],False,model1_4_dof_slack_0.2
